{"Average ssim":0.5693620850877402,"Comparisons training":{"width":256,"height":64,"caption":"SR comparison: MTVNet, step 100000, 2x upscaling","_type":"image-file","sha256":"f334180388e9f9b20382fdbff9ab0466ece76bb4f2a09714ecac4e6f5299f3cc","size":14488,"path":"media/images/Comparisons training_100199_f334180388e9f9b20382.png","format":"png"},"Average nrmse":0.30364395304624087,"_wandb":{"runtime":26641},"_timestamp":1.7436921695419564e+09,"G_train_loss":0.10500693321228027,"_step":100199,"G_valid_loss":0.13162565612792967,"Average psnr":16.682676146083843,"step":100000,"_runtime":26639.435247731}