{"_wandb":{"runtime":9928},"_step":12099,"step":75105,"Average ssim":0.6041250355979976,"_timestamp":1.7460967901126115e+09,"Comparisons training":{"caption":"SR comparison: mDCSRN, step 75100, 4x upscaling","_type":"image-file","sha256":"0c093bbe59ea449bd4a25e447cc67cb83de48a84492cf7f328f7c21ec0d1a533","size":27759,"path":"media/images/Comparisons training_12098_0c093bbe59ea449bd4a2.png","format":"png","width":512,"height":128},"G_train_loss":0.03818127512931824,"_runtime":9928.250368759,"G_valid_loss":0.09665296591964423,"Average psnr":19.992080370585125,"Average nrmse":0.3644864616148612}