{"_wandb":{"runtime":245},"_timestamp":1.7441263863215384e+09,"_runtime":239.7328131,"_step":7,"step":40,"G_train_loss":0.10867927074432374}