{"_step":1049,"Average nrmse":0.28096035823225973,"Comparisons training":{"path":"media/images/Comparisons training_1049_c31ba4ada3e3ae3fafda.png","format":"png","width":512,"height":128,"caption":"SR comparison: mDCSRN, step 1000, 4x upscaling","_type":"image-file","sha256":"c31ba4ada3e3ae3fafdaa09f4f0435bb8017b2106993079e53d174fdc5b30603","size":35815},"G_train_loss":0.05585954338312149,"Average psnr":16.722924718856813,"G_valid_loss":0.13272120475769042,"_wandb":{"runtime":417},"_runtime":416.915733883,"Average ssim":0.4629143023490906,"step":1000,"_timestamp":1.7460145919725766e+09}