{"Average psnr":20.06763791102989,"_runtime":4651.504326975,"_step":3222,"Comparisons training":{"size":24180,"path":"media/images/Comparisons training_3221_93af8f62101a91b6fda3.png","format":"png","width":512,"height":128,"caption":"SR comparison: mDCSRN, step 20000, 4x upscaling","_type":"image-file","sha256":"93af8f62101a91b6fda3ce310174dd0fefb346136f2af473c4aac0d6690a1f27"},"_timestamp":1.7460389464041495e+09,"Average ssim":0.5650118688742319,"Average nrmse":0.3314255484032865,"G_train_loss":0.05148123039139642,"G_valid_loss":0.09376893324010513,"_wandb":{"runtime":4651},"step":20007}