{"_step":96,"Average psnr":12.754086540126877,"Comparisons training":{"path":"media/images/Comparisons training_89_8ee1fca02527582b9a4d.png","format":"png","width":256,"height":64,"caption":"SR comparison: MTVNet, step 60, 2x upscaling","_type":"image-file","sha256":"8ee1fca02527582b9a4d11dd7155a374ee6d6594ad17915c8c0d7addc10ef847","size":13157},"_wandb":{"runtime":100},"Average nrmse":0.4887326666376035,"_runtime":99.1144783,"Average ssim":0.27501539345226683,"G_train_loss":0.23282547295093536,"G_valid_loss":0.2190169334411621,"step":67,"_timestamp":1.7436287698647213e+09}