{"Average psnr":Infinity,"G_train_loss":6953.817708333333,"_runtime":2128.243722127,"G_valid_loss":8397.444852941177,"_step":161,"step":1008,"_wandb":{"runtime":2128},"_timestamp":1.745599655793861e+09,"Average nrmse":0.42234794532551484,"Comparisons training":{"_type":"image-file","sha256":"dbd6eb96175d8fea090e14ce9397a13a91156c11bbc5cb64f604a41efe25e244","size":2705,"path":"media/images/Comparisons training_160_dbd6eb96175d8fea090e.png","format":"png","width":512,"height":128,"caption":"SR comparison: mDCSRN, step 1000, 4x upscaling"},"Average ssim":0.022668460120364803}