{"_timestamp":1.7465719607180884e+09,"Average psnr":17.678948040008546,"G_train_loss":0.04292944073677063,"G_valid_loss":0.12152017211914062,"_runtime":31850.442123101,"_wandb":{"runtime":31851},"Comparisons training":{"_type":"image-file","sha256":"5bc24e1329d5d913ba5d1e855eb2f7420a0106af04089cbb55f7ce333e0f8eda","size":33354,"path":"media/images/Comparisons training_25099_5bc24e1329d5d913ba5d.png","format":"png","width":512,"height":128,"caption":"SR comparison: RRDBNet3D, step 50000, 4x upscaling"},"Average nrmse":0.5400324156880378,"step":50000,"_step":25099,"Average ssim":0.5589300970435143}