{"step":50,"G_train_loss":0.058373916894197464,"_wandb":{"runtime":217},"_timestamp":1.7460140309804525e+09,"_runtime":217.042568039,"_step":49}