{"step":1008,"G_train_loss":7261.221354166667,"Average psnr":Infinity,"Average ssim":0.03775022901462245,"Average nrmse":0.7294675319218168,"_wandb":{"runtime":2079},"_timestamp":1.745883587149488e+09,"_runtime":2079.111431828,"Comparisons training":{"path":"media/images/Comparisons training_160_7dd29d37e47e5e5fa985.png","format":"png","width":512,"height":128,"caption":"SR comparison: mDCSRN, step 1000, 4x upscaling","_type":"image-file","sha256":"7dd29d37e47e5e5fa9853d6da90e97cb354dd38f3681c3340068184966e5f9e4","size":1912},"_step":161,"G_valid_loss":10630.966911764706}